Timestamp,Total_Length,Unique_Sources,Unique_Destinations,Main_Protocol,Total_Length_Smoothed
2024-06-04 21:04:24,388400,2,2,TLS,388400.0
2024-06-04 21:04:25,476899,3,3,TLS,432649.5
2024-06-04 21:04:26,214626,2,2,TLS,359975.0
2024-06-04 21:04:27,476489,4,3,TLS,389103.5
2024-06-04 21:04:28,486571,2,2,TLS,408597.0
2024-06-04 21:04:29,358739,2,2,TLS,402664.8
2024-06-04 21:04:30,464400,2,2,TLS,400165.0
2024-06-04 21:04:31,436918,3,3,TLS,444623.4
2024-06-04 21:04:32,247307,2,2,TLS,398787.0
2024-06-04 21:04:33,563345,2,2,TLS,414141.8
2024-06-04 21:04:34,525288,2,2,TLS,447451.6
2024-06-04 21:04:35,366312,4,4,TLS,427834.0
2024-06-04 21:04:36,441951,5,5,TLS,428840.6
2024-06-04 21:04:37,495037,4,3,TLS,478386.6
2024-06-04 21:04:38,449713,2,2,TLS,455660.2
2024-06-04 21:04:39,345812,3,3,TLS,419765.0
2024-06-04 21:04:40,144266,4,4,TLS,375355.8
2024-06-04 21:04:41,287069,3,3,TLS,344379.4
2024-06-04 21:04:42,341058,2,1,TLS,313583.6
2024-06-04 21:04:43,384523,2,2,TLS,300545.6
2024-06-04 21:04:44,379055,2,2,TLS,307194.2
2024-06-04 21:04:45,424165,3,3,TLS,363174.0
2024-06-04 21:04:46,420476,4,4,TLS,389855.4
2024-06-04 21:04:47,201486,4,4,TLS,361941.0
2024-06-04 21:04:48,225240,4,3,TLS,330084.4
2024-06-04 21:04:49,220337,4,5,TLS,298340.8
2024-06-04 21:04:50,253314,2,1,TLS,264170.6
2024-06-04 21:04:51,145319,2,2,TLS,209139.2
2024-06-04 21:04:52,174,2,2,TLS,168876.8
2024-06-04 21:04:53,174,2,2,TLS,123863.6
2024-06-04 21:04:54,174,2,2,TLS,79831.0
2024-06-04 21:04:55,1308,5,5,TLS,29429.8
2024-06-04 21:04:56,15267,3,5,TLS,3419.4
2024-06-04 21:04:57,906,4,4,TLS,3565.8
2024-06-04 21:04:58,87,1,1,TLS,3548.4
2024-06-04 21:04:59,0,0,0,None,3513.6
2024-06-04 21:05:00,213,2,2,TLS,3294.6
2024-06-04 21:05:01,4042,3,3,QUIC,1049.6
2024-06-04 21:05:02,0,0,0,None,868.4
2024-06-04 21:05:03,9005,1,1,TLS,2652.0
2024-06-04 21:05:04,2413,2,3,TLS,3134.6
2024-06-04 21:05:05,218,2,2,TLS,3135.6
2024-06-04 21:05:06,166,2,2,TLS,2360.4
2024-06-04 21:05:07,95,1,1,TLS,2379.4
2024-06-04 21:05:08,213,2,2,TLS,621.0
2024-06-04 21:05:09,0,0,0,None,138.4
2024-06-04 21:05:10,123,1,1,TLS,119.4
2024-06-04 21:05:11,0,0,0,None,86.2
2024-06-04 21:05:12,0,0,0,None,67.2
2024-06-04 21:05:13,846,2,2,TLS,193.8
2024-06-04 21:05:14,9169,1,2,TLS,2027.6
2024-06-04 21:05:15,4773,3,3,TLS,2957.6
2024-06-04 21:05:16,0,0,0,None,2957.6
2024-06-04 21:05:17,6498,2,2,TLS,4257.2
2024-06-04 21:05:18,426,1,1,TLS,4173.2
2024-06-04 21:05:19,0,0,0,None,2339.4
2024-06-04 21:05:20,373,3,3,TLS,1459.4
2024-06-04 21:05:21,0,0,0,None,1459.4
2024-06-04 21:05:22,174,2,2,TLS,194.6
2024-06-04 21:05:23,3876,2,2,QUIC,884.6
2024-06-04 21:05:24,0,0,0,None,884.6
2024-06-04 21:05:25,218,2,2,TLS,853.6
2024-06-04 21:05:26,276,2,3,TLS,908.8
2024-06-04 21:05:27,273,2,2,TLS,928.6
2024-06-04 21:05:28,87,1,1,TLS,170.8
2024-06-04 21:05:29,160,2,2,TLS,202.8
2024-06-04 21:05:30,123,1,1,TLS,183.8
2024-06-04 21:05:31,166,2,2,TLS,161.8
2024-06-04 21:05:32,0,0,0,None,107.2
2024-06-04 21:05:33,1189,1,1,TLS,327.6
2024-06-04 21:05:34,0,0,0,None,295.6
2024-06-04 21:05:35,491,3,3,TLS,369.2
2024-06-04 21:05:36,213,2,2,TLS,378.6
2024-06-04 21:05:37,0,0,0,None,378.6
2024-06-04 21:05:38,0,0,0,None,140.8
2024-06-04 21:05:39,0,0,0,None,140.8
2024-06-04 21:05:40,0,0,0,None,42.6
2024-06-04 21:05:41,0,0,0,None,0.0
2024-06-04 21:05:42,0,0,0,None,0.0
2024-06-04 21:05:43,0,0,0,None,0.0
2024-06-04 21:05:44,87,1,1,TLS,17.4
2024-06-04 21:05:45,378,3,3,TLS,93.0
2024-06-04 21:05:46,110,1,1,TLS,115.0
2024-06-04 21:05:47,273,2,2,TLS,169.6
2024-06-04 21:05:48,0,0,0,None,169.6
2024-06-04 21:05:49,0,0,0,None,152.2
2024-06-04 21:05:50,123,1,1,TLS,101.2
2024-06-04 21:05:51,166,2,2,TLS,112.4
2024-06-04 21:05:52,174,2,2,TLS,92.6
2024-06-04 21:05:53,174,2,2,TLS,127.4
2024-06-04 21:05:54,174,2,2,TLS,162.2
2024-06-04 21:05:55,878,5,5,TLS,313.2
2024-06-04 21:05:56,166,2,2,TLS,313.2
2024-06-04 21:05:57,0,0,0,None,278.4
2024-06-04 21:05:58,8576,2,2,TLS,1958.8
2024-06-04 21:05:59,87,1,1,TLS,1941.4
2024-06-04 21:06:00,373,3,3,TLS,1840.4
2024-06-04 21:06:01,0,0,0,None,1807.2
2024-06-04 21:06:02,0,0,0,None,1807.2
2024-06-04 21:06:03,213,2,2,TLS,134.6
2024-06-04 21:06:04,9007,1,1,TLS,1918.6
2024-06-04 21:06:05,3079,3,3,TLS,2459.8
2024-06-04 21:06:06,5278,2,3,QUIC,3515.4
2024-06-04 21:06:07,95,1,1,TLS,3534.4
2024-06-04 21:06:08,0,0,0,None,3491.8
2024-06-04 21:06:09,160,2,2,TLS,1722.4
2024-06-04 21:06:10,123,1,1,TLS,1131.2
2024-06-04 21:06:11,0,0,0,None,75.6
2024-06-04 21:06:12,0,0,0,None,56.6
2024-06-04 21:06:13,0,0,0,None,56.6
2024-06-04 21:06:14,122,1,1,TLS,49.0
2024-06-04 21:06:15,578,4,3,TLS,140.0
2024-06-04 21:06:16,379,3,3,TLS,215.8
2024-06-04 21:06:17,0,0,0,None,215.8
2024-06-04 21:06:18,185,1,1,TLS,252.8
2024-06-04 21:06:19,0,0,0,None,228.4
2024-06-04 21:06:20,0,0,0,None,112.8
2024-06-04 21:06:21,166,2,2,TLS,70.2
2024-06-04 21:06:22,174,2,2,TLS,105.0
2024-06-04 21:06:23,0,0,0,None,68.0
2024-06-04 21:06:24,0,0,0,None,68.0
2024-06-04 21:06:25,218,2,2,TLS,111.6
2024-06-04 21:06:26,110,1,1,TLS,100.4
2024-06-04 21:06:27,273,2,2,TLS,120.2
2024-06-04 21:06:28,0,0,0,None,120.2
2024-06-04 21:06:29,0,0,0,None,120.2
2024-06-04 21:06:30,123,1,1,TLS,101.2
2024-06-04 21:06:31,87,1,1,TLS,96.6
2024-06-04 21:06:32,0,0,0,None,42.0
2024-06-04 21:06:33,0,0,0,None,42.0
2024-06-04 21:06:34,0,0,0,None,42.0
2024-06-04 21:06:35,273,2,2,TLS,72.0
2024-06-04 21:06:36,218,2,2,TLS,98.2
2024-06-04 21:06:37,0,0,0,None,98.2
2024-06-04 21:06:38,5168,2,2,QUIC,1131.8
2024-06-04 21:06:39,0,0,0,None,1131.8
2024-06-04 21:06:40,373,3,3,TLS,1151.8
2024-06-04 21:06:41,166,2,2,TLS,1141.4
2024-06-04 21:06:42,0,0,0,None,1141.4
2024-06-04 21:06:43,0,0,0,None,107.8
2024-06-04 21:06:44,0,0,0,None,107.8
2024-06-04 21:06:45,378,3,3,TLS,108.8
2024-06-04 21:06:46,110,1,1,TLS,97.6
2024-06-04 21:06:47,526,4,3,TLS,202.8
2024-06-04 21:06:48,0,0,0,None,202.8
2024-06-04 21:06:49,160,2,2,TLS,234.8
2024-06-04 21:06:50,112,1,1,TLS,181.6
2024-06-04 21:06:51,224,2,2,TLS,204.4
2024-06-04 21:06:52,16273,5,5,QUIC,3353.8
2024-06-04 21:06:53,8011,4,3,QUIC,4956.0
2024-06-04 21:06:54,5342,3,3,QUIC,5992.4
2024-06-04 21:06:55,23290,8,8,TLS,10628.0
2024-06-04 21:06:56,26325,4,5,TLS,15848.2
2024-06-04 21:06:57,22171,3,2,TLS,17027.8
2024-06-04 21:06:58,112,1,1,TLS,15448.0
2024-06-04 21:06:59,19270,3,3,TLS,18233.6
2024-06-04 21:07:00,0,0,0,None,13575.6
2024-06-04 21:07:01,0,0,0,None,8310.6
2024-06-04 21:07:02,5317,2,2,QUIC,4939.8
2024-06-04 21:07:03,3947,3,2,TLS,5706.8
2024-06-04 21:07:04,0,0,0,None,1852.8
2024-06-04 21:07:05,9411,3,3,TLS,3735.0
2024-06-04 21:07:06,94490,4,6,TLS,22633.0
2024-06-04 21:07:07,622429,8,6,TLS,146055.4
2024-06-04 21:07:08,42590,8,8,TLS,153784.0
2024-06-04 21:07:09,0,0,0,None,153784.0
2024-06-04 21:07:10,123,1,1,TLS,151926.4
2024-06-04 21:07:11,3876,2,2,QUIC,133803.6
2024-06-04 21:07:12,166,2,2,TLS,9351.0
2024-06-04 21:07:13,0,0,0,None,833.0
2024-06-04 21:07:14,122,1,1,TLS,857.4
2024-06-04 21:07:15,3695,4,4,TLS,1571.8
2024-06-04 21:07:16,0,0,0,None,796.6
2024-06-04 21:07:17,0,0,0,None,763.4
2024-06-04 21:07:18,4905,3,3,TLS,1744.4
2024-06-04 21:07:19,87,1,1,TLS,1737.4
2024-06-04 21:07:20,373,3,3,TLS,1073.0
2024-06-04 21:07:21,0,0,0,None,1073.0
2024-06-04 21:07:22,174,2,2,TLS,1107.8
2024-06-04 21:07:23,3876,2,2,QUIC,902.0
2024-06-04 21:07:24,0,0,0,None,884.6
2024-06-04 21:07:25,12170,3,4,TLS,3244.0
2024-06-04 21:07:26,10308,3,4,TLS,5305.6
2024-06-04 21:07:27,4309,4,4,TLS,6132.6
2024-06-04 21:07:28,0,0,0,None,5357.4
2024-06-04 21:07:29,160,2,2,TLS,5389.4
2024-06-04 21:07:30,29427,2,3,TLS,8840.8
2024-06-04 21:07:31,73641,6,6,TLS,21507.4
2024-06-04 21:07:32,166,2,2,TLS,20678.8
2024-06-04 21:07:33,1189,1,1,TLS,20916.6
2024-06-04 21:07:34,214,2,1,TLS,20927.4
2024-06-04 21:07:35,491,3,3,TLS,15140.2
2024-06-04 21:07:36,213,2,2,TLS,454.6
2024-06-04 21:07:37,166,2,2,TLS,454.6
2024-06-04 21:07:38,171,1,1,TLS,251.0
2024-06-04 21:07:39,0,0,0,None,208.2
2024-06-04 21:07:40,3876,2,2,QUIC,885.2
2024-06-04 21:07:41,0,0,0,None,842.6
2024-06-04 21:07:42,0,0,0,None,809.4
2024-06-04 21:07:43,0,0,0,None,775.2
2024-06-04 21:07:44,0,0,0,None,775.2
2024-06-04 21:07:45,160,2,2,TLS,32.0
2024-06-04 21:07:46,431,3,3,TLS,118.2
2024-06-04 21:07:47,383,2,3,TLS,194.8
2024-06-04 21:07:48,171,1,1,TLS,229.0
2024-06-04 21:07:49,0,0,0,None,229.0
2024-06-04 21:07:50,210,2,2,TLS,239.0
2024-06-04 21:07:51,0,0,0,None,152.8
2024-06-04 21:07:52,174,2,2,TLS,111.0
2024-06-04 21:07:53,174,2,2,TLS,111.6
2024-06-04 21:07:54,387,3,3,TLS,189.0
2024-06-04 21:07:55,665,4,4,TLS,280.0
2024-06-04 21:07:56,0,0,0,None,280.0
2024-06-04 21:07:57,787,3,2,TLS,402.6
2024-06-04 21:07:58,0,0,0,None,367.8
2024-06-04 21:07:59,3876,2,2,QUIC,1065.6
2024-06-04 21:08:00,8125,4,4,QUIC,2557.6
2024-06-04 21:08:01,14383,3,3,TLS,5434.2
2024-06-04 21:08:02,166,2,2,TLS,5310.0
2024-06-04 21:08:03,0,0,0,None,5310.0
2024-06-04 21:08:04,0,0,0,None,4534.8
2024-06-04 21:08:05,218,2,2,TLS,2953.4
2024-06-04 21:08:06,35163,7,7,TLS,7109.4
2024-06-04 21:08:07,3053,2,2,TLS,7686.8
2024-06-04 21:08:08,162,2,2,TLS,7719.2
2024-06-04 21:08:09,160,2,2,TLS,7751.2
2024-06-04 21:08:10,123,1,1,TLS,7732.2
2024-06-04 21:08:11,0,0,0,None,699.6
2024-06-04 21:08:12,0,0,0,None,89.0
2024-06-04 21:08:13,0,0,0,None,56.6
2024-06-04 21:08:14,2601,1,2,TLS,544.8
2024-06-04 21:08:15,13704,4,4,TLS,3261.0
2024-06-04 21:08:16,165172,9,9,TLS,36295.4
2024-06-04 21:08:17,32589,6,4,TLS,42813.2
2024-06-04 21:08:18,79691,6,5,TLS,58751.4
2024-06-04 21:08:19,50539,3,3,TLS,68339.0
2024-06-04 21:08:20,29964,3,3,TLS,71591.0
2024-06-04 21:08:21,0,0,0,None,38556.6
2024-06-04 21:08:22,427,4,3,TLS,32124.2
2024-06-04 21:08:23,0,0,0,None,16186.0
2024-06-04 21:08:24,0,0,0,None,6078.2
2024-06-04 21:08:25,218,2,2,TLS,129.0
2024-06-04 21:08:26,110,1,1,TLS,151.0
2024-06-04 21:08:27,439,3,3,TLS,153.4
2024-06-04 21:08:28,0,0,0,None,153.4
2024-06-04 21:08:29,0,0,0,None,153.4
2024-06-04 21:08:30,123,1,1,TLS,134.4
2024-06-04 21:08:31,0,0,0,None,112.4
2024-06-04 21:08:32,0,0,0,None,24.6
2024-06-04 21:08:33,19700,2,2,TLS,3964.6
2024-06-04 21:08:34,142406,7,8,TLS,32445.8
2024-06-04 21:08:35,15514,5,5,TLS,35524.0
2024-06-04 21:08:36,103476,7,5,TLS,56219.2
2024-06-04 21:08:37,14792,4,3,TLS,59177.6
2024-06-04 21:08:38,1093,1,1,TLS,55456.2
2024-06-04 21:08:39,41997,4,3,TLS,35374.4
2024-06-04 21:08:40,373,3,3,TLS,32346.2
2024-06-04 21:08:41,213,2,2,TLS,11693.6
2024-06-04 21:08:42,0,0,0,None,8735.2
2024-06-04 21:08:43,0,0,0,None,8516.6
2024-06-04 21:08:44,43322,3,3,TLS,8781.6
2024-06-04 21:08:45,378,3,3,TLS,8782.6
2024-06-04 21:08:46,110,1,1,TLS,8762.0
2024-06-04 21:08:47,439,3,3,TLS,8849.8
2024-06-04 21:08:48,10136,3,3,QUIC,10877.0
2024-06-04 21:08:49,6243,5,5,TLS,3461.2
2024-06-04 21:08:50,3828,3,3,TLS,4151.2
2024-06-04 21:08:51,2451,2,3,TLS,4619.4
2024-06-04 21:08:52,852,4,4,TLS,4702.0
2024-06-04 21:08:53,9060,5,4,TLS,4486.8
2024-06-04 21:08:54,144197,3,3,TLS,32077.6
2024-06-04 21:08:55,154910,5,5,TLS,62294.0
2024-06-04 21:08:56,184498,3,3,TLS,98703.4
2024-06-04 21:08:57,206302,3,2,TLS,139793.4
2024-06-04 21:08:58,199642,2,2,TLS,177909.8
2024-06-04 21:08:59,78741,3,3,TLS,164818.6
2024-06-04 21:09:00,213093,2,2,TLS,176455.2
2024-06-04 21:09:01,223248,2,2,TLS,184205.2
2024-06-04 21:09:02,230687,2,2,TLS,189082.2
2024-06-04 21:09:03,278716,2,2,TLS,204897.0
2024-06-04 21:09:04,314350,2,2,TLS,252018.8
2024-06-04 21:09:05,223195,3,3,TLS,254039.2
2024-06-04 21:09:06,72935,5,3,TLS,223976.6
2024-06-04 21:09:07,122088,4,5,TLS,202256.8
2024-06-04 21:09:08,3003,3,4,TLS,147114.2
2024-06-04 21:09:09,87,1,1,TLS,84261.6
2024-06-04 21:09:10,0,0,0,None,39622.6
2024-06-04 21:09:11,123,1,1,TLS,25060.2
2024-06-04 21:09:12,166,2,2,TLS,675.8
2024-06-04 21:09:13,0,0,0,None,75.2
2024-06-04 21:09:14,122,1,1,TLS,82.2
2024-06-04 21:09:15,491,3,3,TLS,180.4
2024-06-04 21:09:16,0,0,0,None,155.8
2024-06-04 21:09:17,351,3,2,TLS,192.8
2024-06-04 21:09:18,171,1,1,TLS,227.0
2024-06-04 21:09:19,0,0,0,None,202.6
2024-06-04 21:09:20,373,3,3,TLS,179.0
2024-06-04 21:09:21,659,1,1,TLS,310.8
2024-06-04 21:09:22,10153,3,3,TLS,2271.2
2024-06-04 21:09:23,0,0,0,None,2237.0
2024-06-04 21:09:24,0,0,0,None,2237.0
2024-06-04 21:09:25,305,3,2,TLS,2223.4
2024-06-04 21:09:26,0,0,0,None,2091.6
2024-06-04 21:09:27,383,2,3,TLS,137.6
2024-06-04 21:09:28,0,0,0,None,137.6
2024-06-04 21:09:29,160,2,2,TLS,169.6
2024-06-04 21:09:30,123,1,1,TLS,133.2
2024-06-04 21:09:31,0,0,0,None,133.2
2024-06-04 21:09:32,0,0,0,None,56.6
2024-06-04 21:09:33,1189,1,1,TLS,294.4
2024-06-04 21:09:34,0,0,0,None,262.4
2024-06-04 21:09:35,576,3,3,TLS,353.0
2024-06-04 21:09:36,426,3,3,TLS,438.2
2024-06-04 21:09:37,166,2,2,TLS,471.4
2024-06-04 21:09:38,0,0,0,None,233.6
2024-06-04 21:09:39,0,0,0,None,233.6
2024-06-04 21:09:40,23172,2,2,TLS,4752.8
2024-06-04 21:09:41,87,1,1,TLS,4685.0
2024-06-04 21:09:42,166,2,2,TLS,4685.0
2024-06-04 21:09:43,0,0,0,None,4685.0
2024-06-04 21:09:44,213,2,2,TLS,4727.6
2024-06-04 21:09:45,378,3,3,TLS,168.8
2024-06-04 21:09:46,0,0,0,None,151.4
2024-06-04 21:09:47,10447,4,5,TLS,2207.6
2024-06-04 21:09:48,2160,1,1,TLS,2639.6
2024-06-04 21:09:49,0,0,0,None,2597.0
2024-06-04 21:09:50,308,2,2,TLS,2583.0
2024-06-04 21:09:51,0,0,0,None,2583.0
2024-06-04 21:09:52,174,2,2,TLS,528.4
2024-06-04 21:09:53,174,2,2,TLS,131.2
2024-06-04 21:09:54,174,2,2,TLS,166.0
2024-06-04 21:09:55,665,4,4,TLS,237.4
2024-06-04 21:09:56,87,1,1,TLS,254.8
2024-06-04 21:09:57,0,0,0,None,220.0
2024-06-04 21:09:58,0,0,0,None,185.2
2024-06-04 21:09:59,0,0,0,None,150.4
2024-06-04 21:10:00,373,3,3,TLS,92.0
2024-06-04 21:10:01,0,0,0,None,74.6
2024-06-04 21:10:02,166,2,2,TLS,107.8
2024-06-04 21:10:03,5068,2,2,QUIC,1121.4
2024-06-04 21:10:04,5572,3,3,QUIC,2235.8
2024-06-04 21:10:05,14675,4,4,TLS,5096.2
2024-06-04 21:10:06,1099,2,2,TLS,5316.0
2024-06-04 21:10:07,2726,3,4,TLS,5828.0
2024-06-04 21:10:08,12610,4,5,TLS,7336.4
2024-06-04 21:10:09,6742,4,4,TLS,7570.4
2024-06-04 21:10:10,2286,2,3,TLS,5092.6
2024-06-04 21:10:11,3672,2,2,TLS,5607.2
2024-06-04 21:10:12,2146,3,2,TLS,5491.2
2024-06-04 21:10:13,4021,2,2,TLS,3773.4
2024-06-04 21:10:14,22106,3,5,TLS,6846.2
2024-06-04 21:10:15,10105,4,4,TLS,8410.0
2024-06-04 21:10:16,3646,3,3,TLS,8404.8
2024-06-04 21:10:17,2049,2,2,TLS,8385.4
2024-06-04 21:10:18,3355,2,2,TLS,8252.2
2024-06-04 21:10:19,3465,2,2,TLS,4524.0
2024-06-04 21:10:20,3445,2,2,TLS,3192.0
2024-06-04 21:10:21,1980,2,2,TLS,2858.8
2024-06-04 21:10:22,2700,3,3,TLS,2989.0
2024-06-04 21:10:23,3230,2,2,TLS,2964.0
2024-06-04 21:10:24,2571,4,2,TLS,2785.2
2024-06-04 21:10:25,6775,3,3,TLS,3451.2
2024-06-04 21:10:26,2202,2,2,TLS,3495.6
2024-06-04 21:10:27,14422,4,5,TLS,5840.0
2024-06-04 21:10:28,49796,4,3,TLS,15153.2
2024-06-04 21:10:29,132867,2,2,TLS,41212.4
2024-06-04 21:10:30,88337,3,3,TLS,57524.8
2024-06-04 21:10:31,60271,3,3,TLS,69138.6
2024-06-04 21:10:32,104317,4,3,TLS,87117.6
2024-06-04 21:10:33,123721,3,3,TLS,101902.6
2024-06-04 21:10:34,203717,2,2,TLS,116072.6
2024-06-04 21:10:35,211239,4,4,TLS,140653.0
2024-06-04 21:10:36,126642,2,2,TLS,153927.2
2024-06-04 21:10:37,73832,2,2,TLS,147830.2
2024-06-04 21:10:38,92577,2,2,TLS,141601.4
2024-06-04 21:10:39,104577,3,3,TLS,121773.4
2024-06-04 21:10:40,278875,4,4,TLS,135300.6
2024-06-04 21:10:41,280113,4,4,TLS,165994.8
2024-06-04 21:10:42,297680,4,4,TLS,210764.4
2024-06-04 21:10:43,370037,2,2,TLS,266256.4
2024-06-04 21:10:44,341420,3,2,TLS,313625.0
2024-06-04 21:10:45,380610,3,3,TLS,333972.0
2024-06-04 21:10:46,287411,2,2,TLS,335431.6
2024-06-04 21:10:47,468910,3,4,TLS,369677.6
2024-06-04 21:10:48,61561,2,2,TLS,307982.4
2024-06-04 21:10:49,160,2,2,TLS,239730.4
2024-06-04 21:10:50,123,1,1,TLS,163633.0
2024-06-04 21:10:51,51558,2,2,TLS,116462.4
2024-06-04 21:10:52,166953,3,3,TLS,56071.0
2024-06-04 21:10:53,154586,4,4,TLS,74676.0
2024-06-04 21:10:54,162500,3,3,TLS,107144.0
2024-06-04 21:10:55,376005,6,5,TLS,182320.4
2024-06-04 21:10:56,457921,4,3,TLS,263593.0
2024-06-04 21:10:57,390551,3,2,TLS,308312.6
2024-06-04 21:10:58,613883,3,3,TLS,400172.0
2024-06-04 21:10:59,563429,2,2,TLS,480357.8
2024-06-04 21:11:00,582495,3,2,TLS,521655.8
2024-06-04 21:11:01,495562,2,2,TLS,529184.0
2024-06-04 21:11:02,151074,2,2,TLS,481288.6
2024-06-04 21:11:03,170578,3,2,TLS,392627.6
2024-06-04 21:11:04,85955,2,2,TLS,297132.8
2024-06-04 21:11:05,167957,3,3,TLS,214225.2
2024-06-04 21:11:06,305036,2,2,TLS,176120.0
2024-06-04 21:11:07,409786,4,4,TLS,227862.4
2024-06-04 21:11:08,544256,4,3,TLS,302598.0
2024-06-04 21:11:09,570034,2,3,TLS,399413.8
2024-06-04 21:11:10,667609,3,3,TLS,499344.2
2024-06-04 21:11:11,609083,2,2,TLS,560153.6
2024-06-04 21:11:12,6312,2,2,QUIC,479458.8
2024-06-04 21:11:13,0,0,0,None,370607.6
2024-06-04 21:11:14,121,1,1,TLS,256625.0
2024-06-04 21:11:15,671,5,3,TLS,123237.4
2024-06-04 21:11:16,204,2,2,TLS,1461.6
2024-06-04 21:11:17,4070,2,2,TLS,1013.2
2024-06-04 21:11:18,166,2,2,TLS,1046.4
2024-06-04 21:11:19,0,0,0,None,1022.2
2024-06-04 21:11:20,373,3,3,TLS,962.6
2024-06-04 21:11:21,0,0,0,None,921.8
2024-06-04 21:11:22,174,2,2,TLS,142.6
2024-06-04 21:11:23,166,2,2,TLS,142.6
2024-06-04 21:11:24,0,0,0,None,142.6
2024-06-04 21:11:25,345,3,2,TLS,137.0
2024-06-04 21:11:26,213,2,2,TLS,179.6
2024-06-04 21:11:27,468,2,3,TLS,238.4
2024-06-04 21:11:28,0,0,0,None,205.2
2024-06-04 21:11:29,160,2,2,TLS,237.2
2024-06-04 21:11:30,17347,2,2,TLS,3637.6
2024-06-04 21:11:31,1382,5,2,TLS,3871.4
2024-06-04 21:11:32,0,0,0,None,3777.8
2024-06-04 21:11:33,19143,3,2,TLS,7606.4
2024-06-04 21:11:34,213,2,2,TLS,7617.0
2024-06-04 21:11:35,491,3,3,TLS,4245.8
2024-06-04 21:11:36,112,1,1,TLS,3991.8
2024-06-04 21:11:37,101,1,1,TLS,4012.0
2024-06-04 21:11:38,0,0,0,None,183.4
2024-06-04 21:11:39,0,0,0,None,140.8
2024-06-04 21:11:40,35872,2,2,TLS,7217.0
2024-06-04 21:11:41,0,0,0,None,7194.6
2024-06-04 21:11:42,0,0,0,None,7174.4
2024-06-04 21:11:43,166,2,2,TLS,7207.6
2024-06-04 21:11:44,0,0,0,None,7207.6
2024-06-04 21:11:45,17571,3,3,TLS,3547.4
2024-06-04 21:11:46,48333,3,3,TLS,13214.0
2024-06-04 21:11:47,630,4,4,TLS,13340.0
2024-06-04 21:11:48,166,2,2,TLS,13340.0
2024-06-04 21:11:49,0,0,0,None,13340.0
2024-06-04 21:11:50,0,0,0,None,9825.8
2024-06-04 21:11:51,327,2,3,TLS,224.6
2024-06-04 21:11:52,1194,4,4,TLS,337.4
2024-06-04 21:11:53,174,2,2,TLS,339.0
2024-06-04 21:11:54,174,2,2,TLS,373.8
2024-06-04 21:11:55,665,4,4,TLS,506.8
2024-06-04 21:11:56,0,0,0,None,441.4
2024-06-04 21:11:57,0,0,0,None,202.6
2024-06-04 21:11:58,0,0,0,None,167.8
2024-06-04 21:11:59,0,0,0,None,133.0
2024-06-04 21:12:00,373,3,3,TLS,74.6
2024-06-04 21:12:01,21188,2,2,TLS,4312.2
2024-06-04 21:12:02,0,0,0,None,4312.2
2024-06-04 21:12:03,87,1,1,TLS,4329.6
2024-06-04 21:12:04,0,0,0,None,4329.6
2024-06-04 21:12:05,218,2,2,TLS,4298.6
2024-06-04 21:12:06,0,0,0,None,61.0
2024-06-04 21:12:07,383,2,3,TLS,137.6
2024-06-04 21:12:08,328,3,3,TLS,185.8
2024-06-04 21:12:09,160,2,2,TLS,217.8
2024-06-04 21:12:10,9136,1,2,TLS,2001.4
2024-06-04 21:12:11,1909,2,2,TLS,2383.2
2024-06-04 21:12:12,1566,1,1,DATA,2619.8
2024-06-04 21:12:13,166,2,2,TLS,2587.4
2024-06-04 21:12:14,0,0,0,None,2555.4
2024-06-04 21:12:15,12460,5,4,TLS,3220.2
2024-06-04 21:12:16,213,2,2,TLS,2881.0
2024-06-04 21:12:17,185,1,1,TLS,2604.8
2024-06-04 21:12:18,0,0,0,None,2571.6
2024-06-04 21:12:19,87,1,1,TLS,2589.0
2024-06-04 21:12:20,0,0,0,None,97.0
2024-06-04 21:12:21,213,2,2,TLS,97.0
2024-06-04 21:12:22,174,2,2,TLS,94.8
2024-06-04 21:12:23,0,0,0,None,94.8
2024-06-04 21:12:24,0,0,0,None,77.4
2024-06-04 21:12:25,218,2,2,TLS,121.0
2024-06-04 21:12:26,0,0,0,None,78.4
2024-06-04 21:12:27,543,3,4,TLS,152.2
2024-06-04 21:12:28,0,0,0,None,152.2
2024-06-04 21:12:29,213,2,2,TLS,194.8
2024-06-04 21:12:30,123,1,1,TLS,175.8
2024-06-04 21:12:31,0,0,0,None,175.8
2024-06-04 21:12:32,0,0,0,None,67.2
2024-06-04 21:12:33,166,2,2,TLS,100.4
2024-06-04 21:12:34,87,1,1,TLS,75.2
2024-06-04 21:12:35,491,3,3,TLS,148.8
2024-06-04 21:12:36,0,0,0,None,148.8
2024-06-04 21:12:37,0,0,0,None,148.8
2024-06-04 21:12:38,166,2,2,TLS,148.8
2024-06-04 21:12:39,0,0,0,None,131.4
2024-06-04 21:12:40,373,3,3,TLS,107.8
2024-06-04 21:12:41,0,0,0,None,107.8
2024-06-04 21:12:42,0,0,0,None,107.8
2024-06-04 21:12:43,0,0,0,None,74.6
2024-06-04 21:12:44,0,0,0,None,74.6
2024-06-04 21:12:45,218,2,2,TLS,43.6
2024-06-04 21:12:46,0,0,0,None,43.6
2024-06-04 21:12:47,383,2,3,TLS,120.2
2024-06-04 21:12:48,0,0,0,None,120.2
2024-06-04 21:12:49,451,4,3,TLS,210.4
2024-06-04 21:12:50,123,1,1,TLS,191.4
2024-06-04 21:12:51,0,0,0,None,191.4
2024-06-04 21:12:52,174,2,2,TLS,149.6
2024-06-04 21:12:53,174,2,2,TLS,184.4
2024-06-04 21:12:54,174,2,2,TLS,129.0
2024-06-04 21:12:55,665,4,4,TLS,237.4
2024-06-04 21:12:56,213,2,2,TLS,280.0
2024-06-04 21:12:57,0,0,0,None,245.2
2024-06-04 21:12:58,166,2,2,TLS,243.6
2024-06-04 21:12:59,5168,2,2,QUIC,1242.4
2024-06-04 21:13:00,0,0,0,None,1109.4
2024-06-04 21:13:01,0,0,0,None,1066.8
2024-06-04 21:13:02,0,0,0,None,1066.8
2024-06-04 21:13:03,166,2,2,TLS,1066.8
2024-06-04 21:13:04,0,0,0,None,33.2
2024-06-04 21:13:05,305,3,2,TLS,94.2
2024-06-04 21:13:06,0,0,0,None,94.2
2024-06-04 21:13:07,543,3,4,TLS,202.8
2024-06-04 21:13:08,162,2,2,TLS,202.0
2024-06-04 21:13:09,0,0,0,None,202.0
2024-06-04 21:13:10,123,1,1,TLS,165.6
2024-06-04 21:13:11,9012,1,1,TLS,1968.0
2024-06-04 21:13:12,2421,2,2,TLS,2343.6
2024-06-04 21:13:13,144,1,1,TLS,2340.0
2024-06-04 21:13:14,2600,1,2,TLS,2860.0
2024-06-04 21:13:15,1931,3,3,TLS,3221.6
2024-06-04 21:13:16,213,2,2,TLS,1461.8
2024-06-04 21:13:17,0,0,0,None,977.6
2024-06-04 21:13:18,0,0,0,None,948.8
2024-06-04 21:13:19,0,0,0,None,428.8
2024-06-04 21:13:20,373,3,3,TLS,117.2
2024-06-04 21:13:21,87,1,1,TLS,92.0
2024-06-04 21:13:22,174,2,2,TLS,126.8
2024-06-04 21:13:23,166,2,2,TLS,160.0
2024-06-04 21:13:24,213,2,2,TLS,202.6
2024-06-04 21:13:25,218,2,2,TLS,171.6
2024-06-04 21:13:26,0,0,0,None,154.2
2024-06-04 21:13:27,383,2,3,TLS,196.0
2024-06-04 21:13:28,0,0,0,None,162.8
2024-06-04 21:13:29,326,3,3,TLS,185.4
2024-06-04 21:13:30,0,0,0,None,141.8
2024-06-04 21:13:31,123,1,1,TLS,166.4
2024-06-04 21:13:32,5068,2,2,QUIC,1103.4
2024-06-04 21:13:33,9815,5,4,TLS,3066.4
2024-06-04 21:13:34,2347,2,2,TLS,3470.6
2024-06-04 21:13:35,7492,4,4,TLS,4969.0
2024-06-04 21:13:36,2675,3,3,TLS,5479.4
2024-06-04 21:13:37,3182,3,2,TLS,5102.2
2024-06-04 21:13:38,8840,3,3,TLS,4907.2
2024-06-04 21:13:39,3667,2,2,TLS,5171.2
2024-06-04 21:13:40,2802,2,2,TLS,4233.2
2024-06-04 21:13:41,2614,2,2,TLS,4221.0
2024-06-04 21:13:42,4484,2,2,TLS,4481.4
2024-06-04 21:13:43,2137,2,2,TLS,3140.8
2024-06-04 21:13:44,1968,2,2,TLS,2801.0
2024-06-04 21:13:45,3922,3,3,TLS,3025.0
2024-06-04 21:13:46,4422,2,2,TLS,3386.6
2024-06-04 21:13:47,2846,4,5,TLS,3059.0
2024-06-04 21:13:48,6536,3,3,TLS,3938.8
2024-06-04 21:13:49,11106,2,2,TLS,5766.4
2024-06-04 21:13:50,13495,2,2,TLS,7681.0
2024-06-04 21:13:51,23591,3,3,TLS,11514.8
2024-06-04 21:13:52,78209,3,3,TLS,26587.4
2024-06-04 21:13:53,147511,4,3,TLS,54782.4
2024-06-04 21:13:54,176921,5,4,TLS,87945.4
2024-06-04 21:13:55,168605,5,5,TLS,118967.4
2024-06-04 21:13:56,159567,2,2,TLS,146162.6
2024-06-04 21:13:57,128036,2,2,TLS,156128.0
2024-06-04 21:13:58,174011,2,2,TLS,161428.0
2024-06-04 21:13:59,72125,2,2,TLS,140468.8
2024-06-04 21:14:00,88133,4,4,TLS,124374.4
2024-06-04 21:14:01,274887,2,2,TLS,147438.4
2024-06-04 21:14:02,300742,2,2,TLS,181979.6
2024-06-04 21:14:03,212421,2,2,TLS,189661.6
2024-06-04 21:14:04,346505,2,2,TLS,244537.6
2024-06-04 21:14:05,325005,3,3,TLS,291912.0
2024-06-04 21:14:06,126695,2,2,TLS,262273.6
2024-06-04 21:14:07,135370,3,4,TLS,229199.2
2024-06-04 21:14:08,130855,3,3,TLS,212886.0
2024-06-04 21:14:09,260382,4,3,TLS,195661.4
2024-06-04 21:14:10,413251,2,2,TLS,213310.6
2024-06-04 21:14:11,360881,3,3,TLS,260147.8
2024-06-04 21:14:12,392604,2,3,TLS,311594.6
2024-06-04 21:14:13,320846,3,3,TLS,349592.8
2024-06-04 21:14:14,258179,4,4,TLS,349152.2
2024-06-04 21:14:15,457687,4,3,TLS,358039.4
2024-06-04 21:14:16,326498,2,3,TLS,351162.8
2024-06-04 21:14:17,175413,4,3,TLS,307724.6
2024-06-04 21:14:18,333632,2,2,TLS,310281.8
2024-06-04 21:14:19,471024,4,4,TLS,352850.8
2024-06-04 21:14:20,464513,4,4,TLS,354216.0
2024-06-04 21:14:21,427590,2,2,TLS,374434.4
2024-06-04 21:14:22,255681,3,3,TLS,390488.0
2024-06-04 21:14:23,475920,2,2,TLS,418945.6
2024-06-04 21:14:24,425510,2,2,TLS,409842.8
2024-06-04 21:14:25,368903,4,3,TLS,390720.8
2024-06-04 21:14:26,640356,2,2,TLS,433274.0
2024-06-04 21:14:27,328507,3,4,TLS,447839.2
2024-06-04 21:14:28,21151,2,2,TLS,356885.4
2024-06-04 21:14:29,0,0,0,None,271783.4
2024-06-04 21:14:30,22910,2,3,TLS,202584.8
2024-06-04 21:14:31,0,0,0,None,74513.6
2024-06-04 21:14:32,0,0,0,None,8812.2
2024-06-04 21:14:33,0,0,0,None,4582.0
2024-06-04 21:14:34,0,0,0,None,4582.0
2024-06-04 21:14:35,491,3,3,TLS,98.2
2024-06-04 21:14:36,0,0,0,None,98.2
2024-06-04 21:14:37,0,0,0,None,98.2
2024-06-04 21:14:38,0,0,0,None,98.2
2024-06-04 21:14:39,166,2,2,TLS,131.4
2024-06-04 21:14:40,460,4,3,TLS,125.2
2024-06-04 21:14:41,0,0,0,None,125.2
2024-06-04 21:14:42,0,0,0,None,125.2
2024-06-04 21:14:43,0,0,0,None,125.2
2024-06-04 21:14:44,166,2,2,TLS,125.2
2024-06-04 21:14:45,33557,3,3,TLS,6744.6
2024-06-04 21:14:46,0,0,0,None,6744.6
2024-06-04 21:14:47,543,3,4,TLS,6853.2
2024-06-04 21:14:48,0,0,0,None,6853.2
2024-06-04 21:14:49,160,2,2,TLS,6852.0
2024-06-04 21:14:50,123,1,1,TLS,165.2
2024-06-04 21:14:51,0,0,0,None,165.2
2024-06-04 21:14:52,174,2,2,TLS,91.4
2024-06-04 21:14:53,174,2,2,TLS,126.2
2024-06-04 21:14:54,174,2,2,TLS,129.0
2024-06-04 21:14:55,752,5,4,TLS,254.8
2024-06-04 21:14:56,213,2,2,TLS,297.4
2024-06-04 21:14:57,0,0,0,None,262.6
2024-06-04 21:14:58,0,0,0,None,227.8
2024-06-04 21:14:59,0,0,0,None,193.0
2024-06-04 21:15:00,0,0,0,None,42.6
2024-06-04 21:15:01,0,0,0,None,0.0
2024-06-04 21:15:02,0,0,0,None,0.0
2024-06-04 21:15:03,0,0,0,None,0.0
2024-06-04 21:15:04,31534,4,4,TLS,6306.8
2024-06-04 21:15:05,13185,3,3,TLS,8943.8
2024-06-04 21:15:06,11182,3,3,TLS,11180.2
2024-06-04 21:15:07,49324,8,9,TLS,21045.0
2024-06-04 21:15:08,162,2,2,TLS,21077.4
2024-06-04 21:15:09,8665,3,3,TLS,16503.6
2024-06-04 21:15:10,249,1,2,TLS,13916.4
2024-06-04 21:15:11,165,2,1,TLS,11713.0
2024-06-04 21:15:12,330,2,3,TLS,1914.2
2024-06-04 21:15:13,9083,2,2,TLS,3698.4
2024-06-04 21:15:14,21825,4,4,TLS,6330.4
2024-06-04 21:15:15,10767,5,4,TLS,8434.0
2024-06-04 21:15:16,1093,2,2,TLS,8619.6
2024-06-04 21:15:17,2216,3,2,TLS,8996.8
2024-06-04 21:15:18,157,1,1,TLS,7211.6
2024-06-04 21:15:19,4160,2,2,TLS,3678.6
2024-06-04 21:15:20,4535,4,4,TLS,2432.2
2024-06-04 21:15:21,4020,2,2,TLS,3017.6
2024-06-04 21:15:22,4383,3,3,TLS,3451.0
2024-06-04 21:15:23,3845,2,2,TLS,4188.6
2024-06-04 21:15:24,4483,2,2,TLS,4253.2
2024-06-04 21:15:25,3922,3,3,TLS,4130.6
2024-06-04 21:15:26,5103,3,2,TLS,4347.2
2024-06-04 21:15:27,11557,4,5,TLS,5782.0
2024-06-04 21:15:28,3762,2,2,TLS,5765.4
2024-06-04 21:15:29,4652,4,4,TLS,5799.2
2024-06-04 21:15:30,3371,2,3,TLS,5689.0
2024-06-04 21:15:31,5987,2,2,TLS,5865.8
2024-06-04 21:15:32,1615,2,2,TLS,3877.4
2024-06-04 21:15:33,4434,3,2,TLS,4011.8
2024-06-04 21:15:34,3365,3,3,TLS,3754.4
2024-06-04 21:15:35,2275,4,4,TLS,3535.2
2024-06-04 21:15:36,26361,2,2,TLS,7610.0
2024-06-04 21:15:37,67761,4,3,TLS,20839.2
2024-06-04 21:15:38,106587,3,2,TLS,41269.8
2024-06-04 21:15:39,161208,3,2,TLS,72838.4
2024-06-04 21:15:40,151758,2,2,TLS,102735.0
2024-06-04 21:15:41,181589,2,2,TLS,133780.6
2024-06-04 21:15:42,230342,3,2,TLS,166296.8
2024-06-04 21:15:43,249313,2,2,TLS,194842.0
2024-06-04 21:15:44,277924,3,3,TLS,218185.2
2024-06-04 21:15:45,193841,3,3,TLS,226601.8
2024-06-04 21:15:46,19180,2,2,TLS,194120.0
2024-06-04 21:15:47,480031,4,5,TLS,244057.8
2024-06-04 21:15:48,371275,2,2,TLS,268450.2
2024-06-04 21:15:49,336126,4,4,TLS,280090.6
2024-06-04 21:15:50,407651,4,4,TLS,322852.6
2024-06-04 21:15:51,170887,4,4,TLS,353194.0
2024-06-04 21:15:52,213098,5,5,TLS,299807.4
2024-06-04 21:15:53,168377,3,3,TLS,259227.8
2024-06-04 21:15:54,287890,4,4,TLS,249580.6
2024-06-04 21:15:55,190011,5,5,TLS,206052.6
2024-06-04 21:15:56,331188,2,2,TLS,238112.8
2024-06-04 21:15:57,328181,4,3,TLS,261129.4
2024-06-04 21:15:58,187948,3,3,TLS,265043.6
2024-06-04 21:15:59,104481,4,3,TLS,228361.8
2024-06-04 21:16:00,250053,5,4,TLS,240370.2
2024-06-04 21:16:01,407098,3,3,TLS,255552.2
2024-06-04 21:16:02,489737,2,2,TLS,287863.4
2024-06-04 21:16:03,529176,2,2,TLS,356109.0
2024-06-04 21:16:04,551371,2,2,TLS,445487.0
2024-06-04 21:16:05,464009,3,3,TLS,488278.2
2024-06-04 21:16:06,106048,3,3,TLS,428068.2
2024-06-04 21:16:07,383,2,3,TLS,330197.4
2024-06-04 21:16:08,162,2,2,TLS,224394.6
2024-06-04 21:16:09,373,3,3,TLS,114195.0
2024-06-04 21:16:10,123,1,1,TLS,21417.8
2024-06-04 21:16:11,0,0,0,None,208.2
2024-06-04 21:16:12,0,0,0,None,131.6
2024-06-04 21:16:13,87,1,1,TLS,116.6
2024-06-04 21:16:14,9205,2,3,TLS,1883.0
2024-06-04 21:16:15,2603,3,3,TLS,2379.0
2024-06-04 21:16:16,213,2,2,TLS,2421.6
2024-06-04 21:16:17,0,0,0,None,2421.6
2024-06-04 21:16:18,0,0,0,None,2404.2
2024-06-04 21:16:19,166,2,2,TLS,596.4
2024-06-04 21:16:20,0,0,0,None,75.8
2024-06-04 21:16:21,0,0,0,None,33.2
2024-06-04 21:16:22,174,2,2,TLS,68.0
2024-06-04 21:16:23,0,0,0,None,68.0
2024-06-04 21:16:24,166,2,2,TLS,68.0
2024-06-04 21:16:25,218,2,2,TLS,111.6
2024-06-04 21:16:26,0,0,0,None,111.6
2024-06-04 21:16:27,273,2,2,TLS,131.4
2024-06-04 21:16:28,0,0,0,None,131.4
2024-06-04 21:16:29,87,1,1,TLS,115.6
2024-06-04 21:16:30,123,1,1,TLS,96.6
2024-06-04 21:16:31,7855,2,2,TLS,1667.6
2024-06-04 21:16:32,11313,3,3,TLS,3875.6
2024-06-04 21:16:33,248253,6,6,TLS,53526.2
2024-06-04 21:16:34,3876,2,2,QUIC,54284.0
2024-06-04 21:16:35,4367,4,4,TLS,55132.8
2024-06-04 21:16:36,0,0,0,None,53561.8
2024-06-04 21:16:37,18987,2,3,TLS,55096.6
2024-06-04 21:16:38,0,0,0,None,5446.0
2024-06-04 21:16:39,0,0,0,None,4670.8
2024-06-04 21:16:40,373,3,3,TLS,3872.0
2024-06-04 21:16:41,0,0,0,None,3872.0
2024-06-04 21:16:42,0,0,0,None,74.6
2024-06-04 21:16:43,0,0,0,None,74.6
2024-06-04 21:16:44,253,3,2,TLS,125.2
2024-06-04 21:16:45,218,2,2,TLS,94.2
2024-06-04 21:16:46,40161,6,6,TLS,8126.4
2024-06-04 21:16:47,17203,6,6,TLS,11567.0
2024-06-04 21:16:48,0,0,0,None,11567.0
2024-06-04 21:16:49,160,2,2,TLS,11548.4
2024-06-04 21:16:50,93854,5,6,TLS,30275.6
2024-06-04 21:16:51,41313,6,6,TLS,30506.0
2024-06-04 21:16:52,58729,8,7,TLS,38811.2
2024-06-04 21:16:53,2273,4,5,TLS,39265.8
2024-06-04 21:16:54,25608,5,5,TLS,44355.4
2024-06-04 21:16:55,2213,5,5,TLS,26027.2
2024-06-04 21:16:56,15357,7,7,TLS,20836.0
2024-06-04 21:16:57,21636,5,5,TLS,13417.4
2024-06-04 21:16:58,1529,4,4,TLS,13268.6
2024-06-04 21:16:59,1520,2,2,HTTP,8451.0
2024-06-04 21:17:00,11111,4,3,TLS,10230.6
2024-06-04 21:17:01,1245,2,2,HTTP,7408.2
2024-06-04 21:17:02,706,2,2,HTTP,3222.2
2024-06-04 21:17:03,13395,3,3,TLS,5595.4
2024-06-04 21:17:04,85233,4,4,TLS,22338.0
2024-06-04 21:17:05,218,2,2,TLS,20159.4
2024-06-04 21:17:06,0,0,0,None,19910.4
2024-06-04 21:17:07,273,2,2,TLS,19823.8
2024-06-04 21:17:08,7563,4,5,TLS,18657.4
2024-06-04 21:17:09,16609,4,3,TLS,4932.6
2024-06-04 21:17:10,123,1,1,TLS,4913.6
2024-06-04 21:17:11,0,0,0,None,4913.6
2024-06-04 21:17:12,0,0,0,None,4859.0
2024-06-04 21:17:13,0,0,0,None,3346.4
2024-06-04 21:17:14,7521,2,3,TLS,1528.8
2024-06-04 21:17:15,10395,5,5,TLS,3583.2
2024-06-04 21:17:16,2699,3,2,TLS,4123.0
2024-06-04 21:17:17,9910,3,3,TLS,6105.0
2024-06-04 21:17:18,366,2,1,TLS,6178.2
2024-06-04 21:17:19,0,0,0,None,4674.0
2024-06-04 21:17:20,373,3,3,TLS,2669.6
2024-06-04 21:17:21,0,0,0,None,2129.8
2024-06-04 21:17:22,174,2,2,TLS,182.6
2024-06-04 21:17:23,10951,4,4,QUIC,2299.6
2024-06-04 21:17:24,4591,3,3,TLS,3217.8
2024-06-04 21:17:25,1416,3,3,TLS,3426.4
2024-06-04 21:17:26,0,0,0,None,3426.4
2024-06-04 21:17:27,3408,3,3,TLS,4073.2
2024-06-04 21:17:28,14320,4,4,TLS,4747.0
2024-06-04 21:17:29,4688,3,3,TLS,4766.4
2024-06-04 21:17:30,473,2,2,TLS,4577.8
2024-06-04 21:17:31,2233,3,3,TLS,5024.4
2024-06-04 21:17:32,10776,2,3,TLS,6498.0
2024-06-04 21:17:33,5156,4,2,TLS,4665.2
2024-06-04 21:17:34,2559,2,2,TLS,4239.4
2024-06-04 21:17:35,1914,5,5,TLS,4527.6
2024-06-04 21:17:36,4106,2,3,TLS,4902.2
2024-06-04 21:17:37,4173,3,3,TLS,3581.6
2024-06-04 21:17:38,8095,2,3,TLS,4169.4
2024-06-04 21:17:39,4627,4,3,TLS,4583.0
2024-06-04 21:17:40,3836,3,3,TLS,4967.4
2024-06-04 21:17:41,4497,2,2,TLS,5045.6
2024-06-04 21:17:42,8410,2,2,TLS,5893.0
2024-06-04 21:17:43,42195,4,3,TLS,12713.0
2024-06-04 21:17:44,72451,2,2,TLS,26277.8
2024-06-04 21:17:45,144950,3,3,TLS,54500.6
2024-06-04 21:17:46,171790,2,2,TLS,87959.2
2024-06-04 21:17:47,155082,5,3,TLS,117293.6
2024-06-04 21:17:48,209186,2,2,TLS,150691.8
2024-06-04 21:17:49,82954,3,3,TLS,152792.4
2024-06-04 21:17:50,223606,2,2,TLS,168523.6
2024-06-04 21:17:51,247367,4,3,TLS,183639.0
2024-06-04 21:17:52,278805,3,3,TLS,208383.6
2024-06-04 21:17:53,272006,3,3,TLS,220947.6
2024-06-04 21:17:54,244380,3,3,TLS,253232.8
2024-06-04 21:17:55,381272,5,5,TLS,284766.0
2024-06-04 21:17:56,373498,2,2,TLS,309992.2
2024-06-04 21:17:57,491720,3,4,TLS,352575.2
2024-06-04 21:17:58,429286,3,3,TLS,384031.2
2024-06-04 21:17:59,439836,5,5,TLS,423122.4
2024-06-04 21:18:00,448739,6,6,TLS,436615.8
2024-06-04 21:18:01,219069,2,2,TLS,405730.0
2024-06-04 21:18:02,492788,3,2,TLS,405943.6
2024-06-04 21:18:03,484642,2,2,TLS,417014.8
2024-06-04 21:18:04,521908,2,2,TLS,433429.2
2024-06-04 21:18:05,458890,4,4,TLS,435459.4
2024-06-04 21:18:06,638177,3,3,TLS,519281.0
2024-06-04 21:18:07,363843,3,3,TLS,493492.0
2024-06-04 21:18:08,209416,3,3,TLS,438446.8
2024-06-04 21:18:09,127290,3,3,TLS,359523.2
2024-06-04 21:18:10,162081,2,2,TLS,300161.4
2024-06-04 21:18:11,615825,2,2,TLS,295691.0
2024-06-04 21:18:12,217700,2,2,TLS,266462.4
2024-06-04 21:18:13,492449,2,2,TLS,323069.0
2024-06-04 21:18:14,600587,2,2,TLS,417728.4
2024-06-04 21:18:15,533326,4,4,TLS,491977.4
2024-06-04 21:18:16,467485,4,4,TLS,462309.4
2024-06-04 21:18:17,792885,4,4,TLS,577346.4
2024-06-04 21:18:18,735464,3,2,TLS,625949.4
2024-06-04 21:18:19,459206,2,2,TLS,597673.2
2024-06-04 21:18:20,1244,2,2,TLS,491256.8
2024-06-04 21:18:21,5191,2,3,QUIC,398798.0
2024-06-04 21:18:22,174,2,2,TLS,240255.8
2024-06-04 21:18:23,0,0,0,None,93163.0
2024-06-04 21:18:24,0,0,0,None,1321.8
2024-06-04 21:18:25,384,3,3,TLS,1149.8
2024-06-04 21:18:26,0,0,0,None,111.6
2024-06-04 21:18:27,273,2,2,TLS,131.4
2024-06-04 21:18:28,0,0,0,None,131.4
2024-06-04 21:18:29,0,0,0,None,131.4
2024-06-04 21:18:30,289,2,3,TLS,112.4
2024-06-04 21:18:31,0,0,0,None,112.4
2024-06-04 21:18:32,0,0,0,None,57.8
2024-06-04 21:18:33,87,1,1,TLS,75.2
2024-06-04 21:18:34,0,0,0,None,75.2
2024-06-04 21:18:35,491,3,3,TLS,115.6
2024-06-04 21:18:36,0,0,0,None,115.6
2024-06-04 21:18:37,110,1,1,TLS,137.6
2024-06-04 21:18:38,0,0,0,None,120.2
2024-06-04 21:18:39,713,2,2,TLS,262.8
2024-06-04 21:18:40,373,3,3,TLS,239.2
2024-06-04 21:18:41,0,0,0,None,239.2
2024-06-04 21:18:42,0,0,0,None,217.2
2024-06-04 21:18:43,0,0,0,None,217.2
2024-06-04 21:18:44,0,0,0,None,74.6
2024-06-04 21:18:45,218,2,2,TLS,43.6
2024-06-04 21:18:46,213,2,2,TLS,86.2
2024-06-04 21:18:47,579,4,3,TLS,202.0
2024-06-04 21:18:48,87,1,1,TLS,219.4
2024-06-04 21:18:49,311,2,3,TLS,281.6
2024-06-04 21:18:50,10390,4,5,TLS,2316.0
2024-06-04 21:18:51,1360,2,2,TLS,2545.4
2024-06-04 21:18:52,1195,3,3,TLS,2668.6
2024-06-04 21:18:53,4566,4,4,TLS,3564.4
2024-06-04 21:18:54,4006,4,4,TLS,4303.4
2024-06-04 21:18:55,4223,6,6,TLS,3070.0
2024-06-04 21:18:56,95870,4,4,TLS,21972.0
2024-06-04 21:18:57,159592,2,3,TLS,53651.4
2024-06-04 21:18:58,92850,2,2,TLS,71308.2
2024-06-04 21:18:59,172429,2,2,TLS,104992.8
2024-06-04 21:19:00,192401,4,3,TLS,142628.4
2024-06-04 21:19:01,154731,2,2,TLS,154400.6
2024-06-04 21:19:02,232699,2,2,TLS,169022.0
2024-06-04 21:19:03,257739,2,2,TLS,201999.8
2024-06-04 21:19:04,164436,4,3,TLS,200401.2
2024-06-04 21:19:05,214341,3,3,TLS,204789.2
2024-06-04 21:19:06,252107,2,2,TLS,224264.4
2024-06-04 21:19:07,272932,3,3,TLS,232311.0
2024-06-04 21:19:08,23159,3,3,TLS,185395.0
2024-06-04 21:19:09,0,0,0,None,152507.8
2024-06-04 21:19:10,123,1,1,TLS,109664.2
2024-06-04 21:19:11,84467,2,2,TLS,76136.2
2024-06-04 21:19:12,124979,2,2,TLS,46545.6
2024-06-04 21:19:13,326315,2,2,TLS,107176.8
2024-06-04 21:19:14,307408,2,2,TLS,168658.4
2024-06-04 21:19:15,432104,5,5,TLS,255054.6
2024-06-04 21:19:16,432989,2,2,TLS,324759.0
2024-06-04 21:19:17,464608,2,5,TLS,392684.8
2024-06-04 21:19:18,429513,4,3,TLS,413324.4
2024-06-04 21:19:19,391625,2,2,TLS,430167.8
2024-06-04 21:19:20,547107,6,5,TLS,453168.4
2024-06-04 21:19:21,430616,2,2,TLS,452693.8
2024-06-04 21:19:22,189166,3,3,TLS,397605.4
2024-06-04 21:19:23,582367,3,3,TLS,428176.2
2024-06-04 21:19:24,571874,2,2,TLS,464226.0
2024-06-04 21:19:25,536861,4,4,TLS,462176.8
2024-06-04 21:19:26,201747,2,2,TLS,416403.0
2024-06-04 21:19:27,1397,3,3,TLS,378849.2
2024-06-04 21:19:28,0,0,0,None,262375.8
2024-06-04 21:19:29,160,2,2,TLS,148033.0
2024-06-04 21:19:30,123,1,1,TLS,40685.4
2024-06-04 21:19:31,0,0,0,None,336.0
2024-06-04 21:19:32,0,0,0,None,56.6
2024-06-04 21:19:33,16290,4,3,TLS,3314.6
2024-06-04 21:19:34,119737,3,3,TLS,27230.0
2024-06-04 21:19:35,60288,6,8,TLS,39263.0
2024-06-04 21:19:36,42846,9,10,TLS,47832.2
2024-06-04 21:19:37,33095,7,7,TLS,54451.2
2024-06-04 21:19:38,13489,4,3,TLS,53891.0
2024-06-04 21:19:39,0,0,0,None,29943.6
2024-06-04 21:19:40,166,2,2,TLS,17919.2
2024-06-04 21:19:41,213,2,2,TLS,9392.6
2024-06-04 21:19:42,6010,3,3,TLS,3975.6
2024-06-04 21:19:43,1120,2,2,TLS,1501.8
2024-06-04 21:19:44,840,2,2,TLS,1669.8
2024-06-04 21:19:45,6641,4,4,TLS,2964.8
2024-06-04 21:19:46,7941,3,2,TLS,4510.4
2024-06-04 21:19:47,7746,3,3,TLS,4857.6
2024-06-04 21:19:48,18635,3,3,TLS,8360.6
2024-06-04 21:19:49,6917,3,3,TLS,9576.0
2024-06-04 21:19:50,7572,3,3,TLS,9762.2
2024-06-04 21:19:51,2435,2,3,TLS,8661.0
2024-06-04 21:19:52,12500,4,3,TLS,9611.8
2024-06-04 21:19:53,15486,4,4,TLS,8982.0
2024-06-04 21:19:54,4336,3,3,TLS,8465.8
2024-06-04 21:19:55,1087,5,5,TLS,7168.8
2024-06-04 21:19:56,0,0,0,None,6681.8
2024-06-04 21:19:57,110,1,1,TLS,4203.8
2024-06-04 21:19:58,584,1,1,TLS,1223.4
2024-06-04 21:19:59,1747,1,2,DATA,705.6
2024-06-04 21:20:00,5341,4,4,TLS,1556.4
2024-06-04 21:20:01,39247,3,2,TLS,9405.8
2024-06-04 21:20:02,69839,2,2,TLS,23351.6
2024-06-04 21:20:03,129575,2,2,TLS,49149.8
2024-06-04 21:20:04,174006,2,2,TLS,83601.6
2024-06-04 21:20:05,153072,4,4,TLS,113147.8
2024-06-04 21:20:06,194410,2,2,TLS,144180.4
2024-06-04 21:20:07,235402,3,3,TLS,177293.0
2024-06-04 21:20:08,254758,5,3,TLS,202329.6
2024-06-04 21:20:09,264305,3,3,TLS,220389.4
2024-06-04 21:20:10,270143,2,2,TLS,243803.6
2024-06-04 21:20:11,226112,3,3,TLS,250144.0
2024-06-04 21:20:12,105785,2,2,TLS,224220.6
2024-06-04 21:20:13,340934,2,2,TLS,241455.8
2024-06-04 21:20:14,256969,2,3,TLS,239988.6
2024-06-04 21:20:15,257562,5,5,TLS,237472.4
2024-06-04 21:20:16,265860,3,3,TLS,245422.0
2024-06-04 21:20:17,318459,3,4,TLS,287956.8
2024-06-04 21:20:18,345519,2,3,TLS,288873.8
2024-06-04 21:20:19,363725,3,3,TLS,310225.0
2024-06-04 21:20:20,331657,2,2,TLS,325044.0
2024-06-04 21:20:21,291383,2,2,TLS,330148.6
2024-06-04 21:20:22,432911,4,4,TLS,353039.0
2024-06-04 21:20:23,295453,2,2,TLS,343025.8
2024-06-04 21:20:24,333909,3,2,TLS,337062.6
2024-06-04 21:20:25,367553,3,3,TLS,344241.8
2024-06-04 21:20:26,296266,2,2,TLS,345218.4
2024-06-04 21:20:27,253424,4,4,TLS,309321.0
2024-06-04 21:20:28,246219,2,2,TLS,299474.2
2024-06-04 21:20:29,289746,1,1,TLS,290641.6
2024-06-04 21:20:30,166,2,2,TLS,217164.2
2024-06-04 21:20:31,123,1,1,TLS,157935.6
2024-06-04 21:20:32,0,0,0,None,107250.8
2024-06-04 21:20:33,127,1,1,TLS,58032.4
2024-06-04 21:20:34,0,0,0,None,83.2
2024-06-04 21:20:35,491,3,3,TLS,148.2
2024-06-04 21:20:36,23575,6,4,TLS,4838.6
2024-06-04 21:20:37,480,3,2,TLS,4934.6
2024-06-04 21:20:38,370,2,1,TLS,4983.2
2024-06-04 21:20:39,0,0,0,None,4983.2
2024-06-04 21:20:40,460,4,3,TLS,4977.0
2024-06-04 21:20:41,0,0,0,None,262.0
2024-06-04 21:20:42,3876,2,2,QUIC,941.2
2024-06-04 21:20:43,0,0,0,None,867.2
2024-06-04 21:20:44,213,2,2,TLS,909.8
2024-06-04 21:20:45,422,3,3,TLS,902.2
2024-06-04 21:20:46,0,0,0,None,902.2
2024-06-04 21:20:47,273,2,2,TLS,181.6
2024-06-04 21:20:48,0,0,0,None,181.6
2024-06-04 21:20:49,160,2,2,TLS,171.0
2024-06-04 21:20:50,0,0,0,None,86.6
2024-06-04 21:20:51,34779,3,3,TLS,7042.4
2024-06-04 21:20:52,174,2,2,TLS,7022.6
2024-06-04 21:20:53,334,3,3,TLS,7089.4
2024-06-04 21:20:54,174,2,2,TLS,7092.2
2024-06-04 21:20:55,665,4,4,TLS,7225.2
2024-06-04 21:20:56,576,5,3,TLS,384.6
2024-06-04 21:20:57,110,1,1,TLS,371.8
2024-06-04 21:20:58,0,0,0,None,305.0
2024-06-04 21:20:59,0,0,0,None,270.2
2024-06-04 21:21:00,0,0,0,None,137.2
2024-06-04 21:21:01,166,2,2,TLS,55.2
2024-06-04 21:21:02,0,0,0,None,33.2
2024-06-04 21:21:03,0,0,0,None,33.2
2024-06-04 21:21:04,0,0,0,None,33.2
2024-06-04 21:21:05,218,2,2,TLS,76.8
2024-06-04 21:21:06,0,0,0,None,43.6
2024-06-04 21:21:07,273,2,2,TLS,98.2
2024-06-04 21:21:08,164,2,2,TLS,131.0
2024-06-04 21:21:09,0,0,0,None,131.0
2024-06-04 21:21:10,123,1,1,TLS,112.0
2024-06-04 21:21:11,0,0,0,None,112.0
2024-06-04 21:21:12,87,1,1,TLS,74.8
2024-06-04 21:21:13,0,0,0,None,42.0
2024-06-04 21:21:14,122,1,1,TLS,66.4
2024-06-04 21:21:15,21640,5,4,TLS,4369.8
2024-06-04 21:21:16,9360,2,2,TLS,6241.8
2024-06-04 21:21:17,1280,3,3,TLS,6480.4
2024-06-04 21:21:18,0,0,0,None,6480.4
2024-06-04 21:21:19,9014,1,1,TLS,8258.8
2024-06-04 21:21:20,2135,4,4,TLS,4357.8
2024-06-04 21:21:21,166,2,2,TLS,2519.0
2024-06-04 21:21:22,174,2,2,TLS,2297.8
2024-06-04 21:21:23,11097,2,2,TLS,4517.2
2024-06-04 21:21:24,0,0,0,None,2714.4
2024-06-04 21:21:25,218,2,2,TLS,2331.0
2024-06-04 21:21:26,166,2,2,TLS,2331.0
2024-06-04 21:21:27,360,3,2,TLS,2368.2
2024-06-04 21:21:28,3805,2,2,TLS,909.8
2024-06-04 21:21:29,7415,3,3,TLS,2392.8
2024-06-04 21:21:30,123,1,1,TLS,2373.8
2024-06-04 21:21:31,5001,3,2,TLS,3340.8
2024-06-04 21:21:32,0,0,0,None,3268.8
2024-06-04 21:21:33,4215,3,2,TLS,3350.8
2024-06-04 21:21:34,7022,2,2,TLS,3272.2
2024-06-04 21:21:35,491,3,3,TLS,3345.8
2024-06-04 21:21:36,213,2,2,TLS,2388.2
2024-06-04 21:21:37,417,3,3,TLS,2471.6
2024-06-04 21:21:38,0,0,0,None,1628.6
2024-06-04 21:21:39,213,2,2,TLS,266.8
2024-06-04 21:21:40,0,0,0,None,168.6
2024-06-04 21:21:41,0,0,0,None,126.0
2024-06-04 21:21:42,0,0,0,None,42.6
2024-06-04 21:21:43,87,1,1,TLS,60.0
2024-06-04 21:21:44,0,0,0,None,17.4
2024-06-04 21:21:45,218,2,2,TLS,61.0
2024-06-04 21:21:46,23656,3,3,TLS,4792.2
2024-06-04 21:21:47,3268,3,3,TLS,5445.8
2024-06-04 21:21:48,0,0,0,None,5428.4
2024-06-04 21:21:49,9879,2,2,TLS,7404.2
2024-06-04 21:21:50,0,0,0,None,7360.6
2024-06-04 21:21:51,289,2,3,TLS,2687.2
2024-06-04 21:21:52,378,3,3,TLS,2109.2
2024-06-04 21:21:53,946,4,4,TLS,2298.4
2024-06-04 21:21:54,174,2,2,TLS,357.4
2024-06-04 21:21:55,665,4,4,TLS,490.4
2024-06-04 21:21:56,0,0,0,None,432.6
2024-06-04 21:21:57,110,1,1,TLS,379.0
2024-06-04 21:21:58,0,0,0,None,189.8
2024-06-04 21:21:59,87,1,1,TLS,172.4
2024-06-04 21:22:00,373,3,3,TLS,114.0
2024-06-04 21:22:01,32109,5,5,TLS,6535.8
2024-06-04 21:22:02,26482,6,6,TLS,11810.2
2024-06-04 21:22:03,4259,2,2,TLS,12662.0
2024-06-04 21:22:04,368,1,1,TLS,12718.2
2024-06-04 21:22:05,218,2,2,TLS,12687.2
2024-06-04 21:22:06,0,0,0,None,6265.4
2024-06-04 21:22:07,518,3,3,TLS,1072.6
2024-06-04 21:22:08,164,2,2,TLS,253.6
2024-06-04 21:22:09,160,2,2,TLS,212.0
2024-06-04 21:22:10,352,2,2,TLS,238.8
2024-06-04 21:22:11,289,2,3,TLS,296.6
2024-06-04 21:22:12,0,0,0,None,193.0
2024-06-04 21:22:13,0,0,0,None,160.2
2024-06-04 21:22:14,122,1,1,TLS,152.6
2024-06-04 21:22:15,12332,5,4,TLS,2548.6
2024-06-04 21:22:16,5547,4,4,QUIC,3600.2
2024-06-04 21:22:17,110,1,1,TLS,3622.2
2024-06-04 21:22:18,0,0,0,None,3622.2
2024-06-04 21:22:19,0,0,0,None,3597.8
2024-06-04 21:22:20,9015,1,1,TLS,2934.4
2024-06-04 21:22:21,2668,2,2,TLS,2358.6
2024-06-04 21:22:22,174,2,2,TLS,2371.4
2024-06-04 21:22:23,0,0,0,None,2371.4
2024-06-04 21:22:24,0,0,0,None,2371.4
2024-06-04 21:22:25,218,2,2,TLS,612.0
2024-06-04 21:22:26,213,2,2,TLS,121.0
2024-06-04 21:22:27,273,2,2,TLS,140.8
2024-06-04 21:22:28,0,0,0,None,140.8
2024-06-04 21:22:29,0,0,0,None,140.8
2024-06-04 21:22:30,0,0,0,None,97.2
2024-06-04 21:22:31,210,2,2,TLS,96.6
2024-06-04 21:22:32,0,0,0,None,42.0
2024-06-04 21:22:33,0,0,0,None,42.0
2024-06-04 21:22:34,213,2,2,TLS,84.6
2024-06-04 21:22:35,491,3,3,TLS,182.8
2024-06-04 21:22:36,166,2,2,TLS,174.0
2024-06-04 21:22:37,110,1,1,TLS,196.0
2024-06-04 21:22:38,0,0,0,None,196.0
2024-06-04 21:22:39,0,0,0,None,153.4
2024-06-04 21:22:40,373,3,3,TLS,129.8
2024-06-04 21:22:41,166,2,2,TLS,129.8
2024-06-04 21:22:42,7125,2,2,TLS,1532.8
2024-06-04 21:22:43,380,2,2,TLS,1608.8
2024-06-04 21:22:44,3020,2,2,TLS,2212.8
2024-06-04 21:22:45,455038,10,10,TLS,93145.8
2024-06-04 21:22:46,833509,4,3,TLS,259814.4
2024-06-04 21:22:47,7418,4,3,TLS,259873.0
2024-06-04 21:22:48,0,0,0,None,259797.0
2024-06-04 21:22:49,6142,3,3,TLS,260421.4
2024-06-04 21:22:50,1174,2,3,TLS,169648.6
2024-06-04 21:22:51,0,0,0,None,2946.8
2024-06-04 21:22:52,174,2,2,TLS,1498.0
2024-06-04 21:22:53,334,3,3,TLS,1564.8
2024-06-04 21:22:54,174,2,2,TLS,371.2
2024-06-04 21:22:55,665,4,4,TLS,269.4
2024-06-04 21:22:56,112,1,1,TLS,291.8
2024-06-04 21:22:57,211,2,2,TLS,299.2
2024-06-04 21:22:58,0,0,0,None,232.4
2024-06-04 21:22:59,20484,4,4,QUIC,4294.4
2024-06-04 21:23:00,0,0,0,None,4161.4
2024-06-04 21:23:01,351,3,2,TLS,4209.2
2024-06-04 21:23:02,4061,3,2,QUIC,4979.2
2024-06-04 21:23:03,87,1,1,TLS,4996.6
2024-06-04 21:23:04,185,1,1,TLS,936.8
2024-06-04 21:23:05,218,2,2,TLS,980.4
2024-06-04 21:23:06,166,2,2,TLS,943.4
2024-06-04 21:23:07,273,2,2,TLS,185.8
2024-06-04 21:23:08,164,2,2,TLS,201.2
2024-06-04 21:23:09,0,0,0,None,164.2
2024-06-04 21:23:10,123,1,1,TLS,145.2
2024-06-04 21:23:11,0,0,0,None,112.0
2024-06-04 21:23:12,0,0,0,None,57.4
2024-06-04 21:23:13,0,0,0,None,24.6
2024-06-04 21:23:14,3314,2,4,TLS,687.4
2024-06-04 21:23:15,11590,4,4,TLS,2980.8
2024-06-04 21:23:16,170,2,1,TLS,3014.8
2024-06-04 21:23:17,11678,2,3,TLS,5350.4
2024-06-04 21:23:18,87,1,1,TLS,5367.8
2024-06-04 21:23:19,0,0,0,None,4705.0
2024-06-04 21:23:20,5981,5,5,TLS,3583.2
2024-06-04 21:23:21,1283,3,3,TLS,3805.8
2024-06-04 21:23:22,305,3,2,TLS,1531.2
2024-06-04 21:23:23,11706,3,3,TLS,3855.0
2024-06-04 21:23:24,2638,2,2,TLS,4382.6
2024-06-04 21:23:25,4444,3,3,TLS,4075.2
2024-06-04 21:23:26,3740,3,3,TLS,4566.6
2024-06-04 21:23:27,5168,3,3,TLS,5539.2
2024-06-04 21:23:28,8739,3,2,TLS,4945.8
2024-06-04 21:23:29,5513,4,4,TLS,5520.8
2024-06-04 21:23:30,2317,2,3,TLS,5095.4
2024-06-04 21:23:31,3082,2,2,TLS,4963.8
2024-06-04 21:23:32,1288,3,4,TLS,4187.8
2024-06-04 21:23:33,1866,4,2,TLS,2813.2
2024-06-04 21:23:34,87,1,1,TLS,1728.0
2024-06-04 21:23:35,218,2,2,TLS,1308.2
2024-06-04 21:23:36,8494,3,3,TLS,2390.6
2024-06-04 21:23:37,7553,5,5,TLS,3643.6
2024-06-04 21:23:38,142565,6,6,TLS,31783.4
2024-06-04 21:23:39,51321,3,3,TLS,42030.2
2024-06-04 21:23:40,3791,2,2,TLS,42744.8
2024-06-04 21:23:41,506,1,1,TLS,41147.2
2024-06-04 21:23:42,711,1,1,TLS,39778.8
2024-06-04 21:23:43,579,1,1,TLS,11381.6
2024-06-04 21:23:44,0,0,0,None,1117.4
2024-06-04 21:23:45,218,2,2,TLS,402.8
2024-06-04 21:23:46,0,0,0,None,301.6
2024-06-04 21:23:47,0,0,0,None,159.4
2024-06-04 21:23:48,0,0,0,None,43.6
2024-06-04 21:23:49,704,1,1,TLS,184.4
2024-06-04 21:23:50,823,2,1,TLS,305.4
2024-06-04 21:23:51,289,2,3,TLS,363.2
2024-06-04 21:23:52,174,2,2,TLS,398.0
2024-06-04 21:23:53,334,3,3,TLS,464.8
2024-06-04 21:23:54,174,2,2,TLS,358.8
2024-06-04 21:23:55,392,3,3,TLS,272.6
2024-06-04 21:23:56,9562,2,2,TLS,2127.2
2024-06-04 21:23:57,276,2,3,TLS,2147.6
2024-06-04 21:23:58,0,0,0,None,2080.8
2024-06-04 21:23:59,0,0,0,None,2046.0
2024-06-04 21:24:00,373,3,3,TLS,2042.2
2024-06-04 21:24:01,897,2,2,TLS,309.2
2024-06-04 21:24:02,573,1,1,TLS,368.6
2024-06-04 21:24:03,0,0,0,None,368.6
2024-06-04 21:24:04,18226,2,2,TLS,4013.8
2024-06-04 21:24:05,305,3,2,TLS,4000.2
2024-06-04 21:24:06,0,0,0,None,3820.8
2024-06-04 21:24:07,0,0,0,None,3706.2
2024-06-04 21:24:08,868,2,3,TLS,3879.8
2024-06-04 21:24:09,890,5,2,TLS,412.6
2024-06-04 21:24:10,0,0,0,None,351.6
2024-06-04 21:24:11,123,1,1,TLS,376.2
2024-06-04 21:24:12,0,0,0,None,376.2
2024-06-04 21:24:13,0,0,0,None,202.6
2024-06-04 21:24:14,9162,1,2,TLS,1857.0
2024-06-04 21:24:15,4840,3,3,TLS,2825.0
2024-06-04 21:24:16,3842,3,4,TLS,3568.8
2024-06-04 21:24:17,20736,4,4,TLS,7716.0
2024-06-04 21:24:18,1165,1,1,TLS,7949.0
2024-06-04 21:24:19,0,0,0,None,6116.6
2024-06-04 21:24:20,0,0,0,None,5148.6
2024-06-04 21:24:21,87,1,1,TLS,4397.6
2024-06-04 21:24:22,340,3,3,TLS,318.4
2024-06-04 21:24:23,0,0,0,None,85.4
2024-06-04 21:24:24,213,2,2,TLS,128.0
2024-06-04 21:24:25,218,2,2,TLS,171.6
2024-06-04 21:24:26,0,0,0,None,154.2
2024-06-04 21:24:27,273,2,2,TLS,140.8
2024-06-04 21:24:28,0,0,0,None,140.8
2024-06-04 21:24:29,0,0,0,None,98.2
2024-06-04 21:24:30,0,0,0,None,54.6
2024-06-04 21:24:31,123,1,1,TLS,79.2
2024-06-04 21:24:32,0,0,0,None,24.6
2024-06-04 21:24:33,0,0,0,None,24.6
2024-06-04 21:24:34,85,1,1,TLS,41.6
2024-06-04 21:24:35,491,3,3,TLS,139.8
2024-06-04 21:24:36,87,1,1,TLS,132.6
2024-06-04 21:24:37,110,1,1,TLS,154.6
2024-06-04 21:24:38,0,0,0,None,154.6
2024-06-04 21:24:39,0,0,0,None,137.6
2024-06-04 21:24:40,373,3,3,TLS,114.0
2024-06-04 21:24:41,0,0,0,None,96.6
2024-06-04 21:24:42,166,2,2,TLS,107.8
2024-06-04 21:24:43,0,0,0,None,107.8
2024-06-04 21:24:44,0,0,0,None,107.8
2024-06-04 21:24:45,218,2,2,TLS,76.8
2024-06-04 21:24:46,0,0,0,None,76.8
2024-06-04 21:24:47,439,3,3,TLS,131.4
2024-06-04 21:24:48,6770,3,3,TLS,1485.4
2024-06-04 21:24:49,1452,2,2,TLS,1775.8
2024-06-04 21:24:50,3263,3,3,TLS,2384.8
2024-06-04 21:24:51,1124,2,3,TLS,2609.6
2024-06-04 21:24:52,6054,5,4,TLS,3732.6
2024-06-04 21:24:53,3368,5,4,TLS,3052.2
2024-06-04 21:24:54,2686,3,3,TLS,3299.0
2024-06-04 21:24:55,2855,5,5,TLS,3217.4
2024-06-04 21:24:56,3244,3,3,TLS,3641.4
2024-06-04 21:24:57,3511,2,3,TLS,3132.8
2024-06-04 21:24:58,2094,2,3,TLS,2878.0
2024-06-04 21:24:59,9267,3,3,TLS,4194.2
2024-06-04 21:25:00,3699,2,2,TLS,4363.0
2024-06-04 21:25:01,4499,2,2,TLS,4614.0
2024-06-04 21:25:02,4211,2,2,TLS,4754.0
2024-06-04 21:25:03,4325,2,2,TLS,5200.2
2024-06-04 21:25:04,3965,2,2,TLS,4139.8
2024-06-04 21:25:05,2156,3,3,TLS,3831.2
2024-06-04 21:25:06,0,0,0,None,2931.4
2024-06-04 21:25:07,526,4,3,TLS,2194.4
2024-06-04 21:25:08,164,2,2,TLS,1362.2
2024-06-04 21:25:09,781,3,1,TLS,725.4
2024-06-04 21:25:10,201,2,2,TLS,334.4
2024-06-04 21:25:11,714,3,4,TLS,477.2
2024-06-04 21:25:12,1897,3,3,TLS,751.4
2024-06-04 21:25:13,1233,2,2,TLS,965.2
2024-06-04 21:25:14,9177,1,2,TLS,2644.4
2024-06-04 21:25:15,5669,4,4,TLS,3738.0
2024-06-04 21:25:16,1069,2,2,TLS,3809.0
2024-06-04 21:25:17,13183,3,4,TLS,6066.2
2024-06-04 21:25:18,5287,3,3,TLS,6877.0
2024-06-04 21:25:19,3820,3,3,TLS,5805.6
2024-06-04 21:25:20,1378,4,4,TLS,4947.4
2024-06-04 21:25:21,0,0,0,None,4733.6
2024-06-04 21:25:22,326,2,3,TLS,2162.2
2024-06-04 21:25:23,4370,3,2,TLS,1978.8
2024-06-04 21:25:24,2560,2,2,TLS,1726.8
2024-06-04 21:25:25,5788,3,3,TLS,2608.8
2024-06-04 21:25:26,2425,2,2,TLS,3093.8
2024-06-04 21:25:27,1448,3,3,TLS,3318.2
2024-06-04 21:25:28,2626,2,2,TLS,2969.4
2024-06-04 21:25:29,4284,3,3,TLS,3314.2
2024-06-04 21:25:30,3785,2,3,TLS,2913.6
2024-06-04 21:25:31,4497,2,2,TLS,3328.0
2024-06-04 21:25:32,3663,3,3,TLS,3771.0
2024-06-04 21:25:33,5414,3,2,TLS,4328.6
2024-06-04 21:25:34,4138,2,2,TLS,4299.4
2024-06-04 21:25:35,4109,4,4,TLS,4364.2
2024-06-04 21:25:36,3518,2,3,TLS,4168.4
2024-06-04 21:25:37,3877,4,4,TLS,4211.2
2024-06-04 21:25:38,4712,4,2,TLS,4070.8
2024-06-04 21:25:39,4222,2,2,TLS,4087.6
2024-06-04 21:25:40,4312,2,2,TLS,4128.2
2024-06-04 21:25:41,2724,2,2,TLS,3969.4
2024-06-04 21:25:42,4221,2,2,TLS,4038.2
2024-06-04 21:25:43,4570,2,2,TLS,4009.8
2024-06-04 21:25:44,1348,2,2,TLS,3435.0
2024-06-04 21:25:45,2283,3,3,TLS,3029.2
2024-06-04 21:25:46,16882,4,3,TLS,5860.8
2024-06-04 21:25:47,273,2,2,TLS,5071.2
2024-06-04 21:25:48,150,1,1,TLS,4187.2
2024-06-04 21:25:49,2907,2,2,TLS,4499.0
2024-06-04 21:25:50,544,2,3,TLS,4151.2
2024-06-04 21:25:51,4727,2,3,TLS,1720.2
2024-06-04 21:25:52,1615,3,3,TLS,1988.6
2024-06-04 21:25:53,1418,4,4,TLS,2242.2
2024-06-04 21:25:54,4548,4,3,TLS,2570.4
2024-06-04 21:25:55,4114,5,5,TLS,3284.4
2024-06-04 21:25:56,4097,2,3,TLS,3158.4
2024-06-04 21:25:57,4687,3,4,TLS,3772.8
2024-06-04 21:25:58,848,2,2,TLS,3658.8
2024-06-04 21:25:59,0,0,0,None,2749.2
2024-06-04 21:26:00,373,3,3,TLS,2001.0
2024-06-04 21:26:01,0,0,0,None,1181.6
2024-06-04 21:26:02,33414,5,4,TLS,6927.0
2024-06-04 21:26:03,15996,3,3,TLS,9956.6
2024-06-04 21:26:04,116360,3,2,TLS,33228.6
2024-06-04 21:26:05,71345,3,3,TLS,47423.0
2024-06-04 21:26:06,212251,3,3,TLS,89873.2
2024-06-04 21:26:07,96474,3,3,TLS,102485.2
2024-06-04 21:26:08,145158,3,3,TLS,128317.6
2024-06-04 21:26:09,183823,3,3,TLS,141810.2
2024-06-04 21:26:10,186376,3,2,TLS,164816.4
2024-06-04 21:26:11,109430,3,2,TLS,144252.2
2024-06-04 21:26:12,143331,2,2,TLS,153623.6
2024-06-04 21:26:13,279231,2,2,TLS,180438.2
2024-06-04 21:26:14,300676,3,3,TLS,203808.8
2024-06-04 21:26:15,194222,4,3,TLS,205378.0
2024-06-04 21:26:16,264129,4,4,TLS,236317.8
2024-06-04 21:26:17,222332,3,4,TLS,252118.0
2024-06-04 21:26:18,380442,2,3,TLS,272360.2
2024-06-04 21:26:19,383577,3,3,TLS,288940.4
2024-06-04 21:26:20,395463,2,2,TLS,329188.6
2024-06-04 21:26:21,113301,2,2,TLS,299023.0
2024-06-04 21:26:22,133305,4,4,TLS,281217.6
2024-06-04 21:26:23,147018,2,2,TLS,234532.8
2024-06-04 21:26:24,139765,2,2,TLS,185770.4
2024-06-04 21:26:25,142321,2,3,TLS,135142.0
2024-06-04 21:26:26,403197,4,2,TLS,193121.2
2024-06-04 21:26:27,475846,4,4,TLS,261629.4
2024-06-04 21:26:28,381295,2,2,TLS,308484.8
2024-06-04 21:26:29,184991,2,2,TLS,317530.0
2024-06-04 21:26:30,269492,2,2,TLS,342964.2
2024-06-04 21:26:31,167507,2,2,TLS,295826.2
2024-06-04 21:26:32,169659,2,2,TLS,234588.8
2024-06-04 21:26:33,520869,2,2,TLS,262503.6
2024-06-04 21:26:34,556272,2,2,TLS,336759.8
2024-06-04 21:26:35,304721,3,3,TLS,343805.6
2024-06-04 21:26:36,108487,3,3,TLS,332001.6
2024-06-04 21:26:37,181097,2,3,TLS,334289.2
2024-06-04 21:26:38,572322,2,2,TLS,344579.8
2024-06-04 21:26:39,317790,3,3,TLS,296883.4
2024-06-04 21:26:40,261800,4,4,TLS,288299.2
2024-06-04 21:26:41,220578,2,2,TLS,310717.4
2024-06-04 21:26:42,359338,3,2,TLS,346365.6
2024-06-04 21:26:43,623200,2,2,TLS,356541.2
2024-06-04 21:26:44,12673,4,4,QUIC,295517.8
2024-06-04 21:26:45,5409,3,4,QUIC,244239.6
2024-06-04 21:26:46,0,0,0,None,200124.0
2024-06-04 21:26:47,5129,4,4,TLS,129282.2
2024-06-04 21:26:48,0,0,0,None,4642.2
2024-06-04 21:26:49,160,2,2,TLS,2139.6
2024-06-04 21:26:50,0,0,0,None,1057.8
2024-06-04 21:26:51,123,1,1,TLS,1082.4
2024-06-04 21:26:52,3090,2,2,TLS,674.6
2024-06-04 21:26:53,674,5,5,TLS,809.4
2024-06-04 21:26:54,174,2,2,TLS,812.2
2024-06-04 21:26:55,555,3,4,TLS,923.2
2024-06-04 21:26:56,575,2,3,TLS,1013.6
2024-06-04 21:26:57,20543,3,3,TLS,4504.2
2024-06-04 21:26:58,87,1,1,TLS,4386.8
2024-06-04 21:26:59,5168,2,2,QUIC,5385.6
2024-06-04 21:27:00,0,0,0,None,5274.6
2024-06-04 21:27:01,112,1,1,TLS,5182.0
2024-06-04 21:27:02,101,1,1,TLS,1093.6
2024-06-04 21:27:03,0,0,0,None,1076.2
2024-06-04 21:27:04,0,0,0,None,42.6
2024-06-04 21:27:05,108,1,1,TLS,64.2
2024-06-04 21:27:06,110,1,1,TLS,63.8
2024-06-04 21:27:07,273,2,2,TLS,98.2
2024-06-04 21:27:08,164,2,2,TLS,131.0
2024-06-04 21:27:09,112,1,1,TLS,153.4
2024-06-04 21:27:10,101,1,1,TLS,152.0
2024-06-04 21:27:11,123,1,1,TLS,154.6
2024-06-04 21:27:12,166,2,2,TLS,133.2
2024-06-04 21:27:13,87,1,1,TLS,117.8
2024-06-04 21:27:14,122,1,1,TLS,119.8
2024-06-04 21:27:15,20243,3,3,TLS,4148.2
2024-06-04 21:27:16,26161,4,4,TLS,9355.8
2024-06-04 21:27:17,295,2,2,TLS,9381.6
2024-06-04 21:27:18,166,2,2,TLS,9397.4
2024-06-04 21:27:19,9016,1,1,TLS,11176.2
2024-06-04 21:27:20,3150,4,4,TLS,7757.6
2024-06-04 21:27:21,21333,2,2,TLS,6792.0
2024-06-04 21:27:22,20908,3,3,TLS,10914.6
2024-06-04 21:27:23,0,0,0,None,10881.4
2024-06-04 21:27:24,0,0,0,None,9078.2
2024-06-04 21:27:25,0,0,0,None,8448.2
2024-06-04 21:27:26,218,2,2,TLS,4225.2
2024-06-04 21:27:27,39959,4,4,TLS,8035.4
2024-06-04 21:27:28,88603,3,3,TLS,25756.0
2024-06-04 21:27:29,247,3,2,TLS,25805.4
2024-06-04 21:27:30,0,0,0,None,25805.4
2024-06-04 21:27:31,123,1,1,TLS,25786.4
2024-06-04 21:27:32,0,0,0,None,17794.6
2024-06-04 21:27:33,1189,1,1,TLS,311.8
2024-06-04 21:27:34,0,0,0,None,262.4
2024-06-04 21:27:35,273,2,2,TLS,317.0
2024-06-04 21:27:36,431,3,3,TLS,378.6
2024-06-04 21:27:37,110,1,1,TLS,400.6
2024-06-04 21:27:38,166,2,2,TLS,196.0
2024-06-04 21:27:39,0,0,0,None,196.0
2024-06-04 21:27:40,0,0,0,None,141.4
2024-06-04 21:27:41,39885,3,4,TLS,8032.2
2024-06-04 21:27:42,71426,3,3,TLS,22295.4
2024-06-04 21:27:43,795,3,2,TLS,22421.2
2024-06-04 21:27:44,0,0,0,None,22421.2
2024-06-04 21:27:45,305,3,2,TLS,22482.2
2024-06-04 21:27:46,0,0,0,None,14505.2
2024-06-04 21:27:47,273,2,2,TLS,274.6
2024-06-04 21:27:48,0,0,0,None,115.6
2024-06-04 21:27:49,399,2,2,TLS,195.4
2024-06-04 21:27:50,7470,3,3,TLS,1628.4
2024-06-04 21:27:51,0,0,0,None,1628.4
2024-06-04 21:27:52,174,2,2,TLS,1608.6
2024-06-04 21:27:53,334,3,3,TLS,1675.4
2024-06-04 21:27:54,174,2,2,TLS,1630.4
2024-06-04 21:27:55,665,4,4,TLS,269.4
2024-06-04 21:27:56,0,0,0,None,269.4
2024-06-04 21:27:57,323,2,3,TLS,299.2
2024-06-04 21:27:58,0,0,0,None,232.4
2024-06-04 21:27:59,3876,2,2,QUIC,972.8
2024-06-04 21:28:00,460,4,3,TLS,931.8
2024-06-04 21:28:01,42365,2,2,TLS,9404.8
2024-06-04 21:28:02,531,1,1,TLS,9446.4
2024-06-04 21:28:03,166,2,2,TLS,9479.6
2024-06-04 21:28:04,0,0,0,None,8704.4
2024-06-04 21:28:05,431,3,3,TLS,8698.6
2024-06-04 21:28:06,0,0,0,None,225.6
2024-06-04 21:28:07,273,2,2,TLS,174.0
2024-06-04 21:28:08,330,3,3,TLS,206.8
2024-06-04 21:28:09,364,3,3,TLS,279.6
2024-06-04 21:28:10,657,2,4,TLS,324.8
2024-06-04 21:28:11,486,3,3,TLS,422.0
2024-06-04 21:28:12,0,0,0,None,367.4
2024-06-04 21:28:13,0,0,0,None,301.4
2024-06-04 21:28:14,122,1,1,TLS,253.0
2024-06-04 21:28:15,578,4,3,TLS,237.2
2024-06-04 21:28:16,213,2,2,TLS,182.6
2024-06-04 21:28:17,110,1,1,TLS,204.6
2024-06-04 21:28:18,0,0,0,None,204.6
2024-06-04 21:28:19,0,0,0,None,180.2
2024-06-04 21:28:20,9015,1,1,TLS,1867.6
2024-06-04 21:28:21,2958,2,2,TLS,2416.6
2024-06-04 21:28:22,174,2,2,TLS,2429.4
2024-06-04 21:28:23,0,0,0,None,2429.4
2024-06-04 21:28:24,0,0,0,None,2429.4
2024-06-04 21:28:25,1457,2,3,TLS,917.8
2024-06-04 21:28:26,26585,2,2,TLS,5643.2
2024-06-04 21:28:27,273,2,2,TLS,5663.0
2024-06-04 21:28:28,166,2,2,TLS,5696.2
2024-06-04 21:28:29,0,0,0,None,5696.2
2024-06-04 21:28:30,0,0,0,None,5404.8
2024-06-04 21:28:31,210,2,2,TLS,129.8
2024-06-04 21:28:32,0,0,0,None,75.2
2024-06-04 21:28:33,166,2,2,TLS,75.2
2024-06-04 21:28:34,0,0,0,None,75.2
2024-06-04 21:28:35,491,3,3,TLS,173.4
2024-06-04 21:28:36,0,0,0,None,131.4
2024-06-04 21:28:37,110,1,1,TLS,153.4
2024-06-04 21:28:38,0,0,0,None,120.2
2024-06-04 21:28:39,0,0,0,None,120.2
2024-06-04 21:28:40,373,3,3,TLS,96.6
2024-06-04 21:28:41,0,0,0,None,96.6
2024-06-04 21:28:42,0,0,0,None,74.6
2024-06-04 21:28:43,0,0,0,None,74.6
2024-06-04 21:28:44,0,0,0,None,74.6
2024-06-04 21:28:45,218,2,2,TLS,43.6
2024-06-04 21:28:46,0,0,0,None,43.6
2024-06-04 21:28:47,360,3,2,TLS,115.6
2024-06-04 21:28:48,0,0,0,None,115.6
2024-06-04 21:28:49,160,2,2,TLS,147.6
2024-06-04 21:28:50,0,0,0,None,104.0
2024-06-04 21:28:51,123,1,1,TLS,128.6
2024-06-04 21:28:52,387,3,3,TLS,134.0
2024-06-04 21:28:53,908,5,5,TLS,315.6
2024-06-04 21:28:54,174,2,2,TLS,318.4
2024-06-04 21:28:55,665,4,4,TLS,451.4
2024-06-04 21:28:56,213,2,2,TLS,469.4
2024-06-04 21:28:57,110,1,1,TLS,414.0
2024-06-04 21:28:58,166,2,2,TLS,265.6
2024-06-04 21:28:59,0,0,0,None,230.8
2024-06-04 21:29:00,213,2,2,TLS,140.4
2024-06-04 21:29:01,0,0,0,None,97.8
2024-06-04 21:29:02,3876,2,2,QUIC,851.0
2024-06-04 21:29:03,87,1,1,TLS,835.2
2024-06-04 21:29:04,0,0,0,None,835.2
2024-06-04 21:29:05,218,2,2,TLS,836.2
2024-06-04 21:29:06,0,0,0,None,836.2
2024-06-04 21:29:07,273,2,2,TLS,115.6
2024-06-04 21:29:08,164,2,2,TLS,131.0
2024-06-04 21:29:09,0,0,0,None,131.0
2024-06-04 21:29:10,643,2,2,TLS,216.0
2024-06-04 21:29:11,7929,3,3,TLS,1801.8
